Name,Team,League,Jersey,Stats
Zack Steffen,Manchester City,ENG,13,"G,27,6' 3"",190 lbs,United States,1,0,0,0,0,0,0,0,0"
Ederson,Manchester City,ENG,31,"G,28,6' 2"",190 lbs,Brazil,37,0,0,26,0,1,4,3,0"
Scott Carson,Manchester City,ENG,33,"G,36,6' 3"",168 lbs,England,0,0,0,0,0,0,0,0,0"
Cieran Slicker,Manchester City,ENG,84,"G,19,--,--,Scotland,0,0,0,0,0,0,0,0,0"
Kyle Walker,Manchester City,ENG,2,"D,32,5' 10"",152 lbs,England,20,0,0,2,8,2,7,12,1,0"
Rúben Dias,Manchester City,ENG,3,"D,25,6' 1"",168 lbs,Portugal,29,2,2,4,18,3,27,9,5,0"
John Stones,Manchester City,ENG,5,"D,28,6' 2"",152 lbs,England,14,2,1,0,8,5,3,7,0,0"
Nathan Aké,Manchester City,ENG,6,"D,27,5' 11"",163 lbs,Netherlands,14,4,2,0,5,2,9,2,0,0"
Aymeric Laporte,Manchester City,ENG,14,"D,28,6' 3"",190 lbs,Spain,33,0,4,0,35,7,13,9,5,1"
Benjamin Mendy,Manchester City,ENG,22,"D,27,6' 1"",185 lbs,France,1,0,0,0,0,0,2,0,0,0"
João Cancelo,Manchester City,ENG,27,"D,28,6' 0"",161 lbs,Portugal,36,0,1,7,79,20,33,27,7,0"
CJ Egan-Riley,Manchester City,ENG,56,"D,19,--,--,England,1,1,0,0,0,0,0,0,0,0"
Luke Mbete,Manchester City,ENG,79,"D,18,--,--,England,0,0,0,0,0,0,0,0,0,0"
Josh Wilson-Esbrand,Manchester City,ENG,97,"D,19,--,--,England,0,0,0,0,0,0,0,0,0,0"
Ilkay Gündogan,Manchester City,ENG,8,"M,31,5' 11"",174 lbs,Germany,27,7,8,4,54,18,13,10,1,0"
Oleksandr Zinchenko,Manchester City,ENG,11,"M,25,5' 9"",139 lbs,Ukraine,15,5,0,4,12,4,11,2,0,0"
Rodri,Manchester City,ENG,16,"M,25,6' 3"",181 lbs,Spain,33,0,7,2,45,14,41,20,5,0"
Kevin De Bruyne,Manchester City,ENG,17,"M,30,5' 11"",150 lbs,Belgium,30,5,15,8,77,26,21,27,2,0"
Bernardo Silva,Manchester City,ENG,20,"M,27,5' 8"",139 lbs,Portugal,35,2,8,4,45,17,25,33,6,0"
Fernandinho,Manchester City,ENG,25,"M,37,5' 10"",148 lbs,Brazil,19,9,2,1,17,3,14,10,1,0"
Phil Foden,Manchester City,ENG,47,"M,22,5' 7"",152 lbs,England,28,4,9,5,55,20,15,23,1,0"
Oscar Bobb,Manchester City,ENG,52,"M,18,--,--,Norway,--,--,--,--,--,--,--,--,--,--"
Cole Palmer,Manchester City,ENG,80,"M,20,--,--,England,4,3,0,0,4,1,1,1,0,0"
James Mcatee,Manchester City,ENG,87,"M,19,--,--,England,2,2,0,0,1,0,1,0,0,0"
Romeo Lavia,Manchester City,ENG,90,"M,18,--,--,Belgium,0,0,0,0,0,0,0,0,0,0"
Raheem Sterling,Manchester City,ENG,7,"F,27,5' 7"",150 lbs,England,30,7,13,5,54,26,17,37,1,0"
Gabriel Jesus,Manchester City,ENG,9,"F,25,5' 9"",161 lbs,Brazil,28,7,8,8,61,21,23,26,1,0"
Jack Grealish,Manchester City,ENG,10,"F,26,5' 9"",150 lbs,England,26,4,3,3,44,16,17,55,3,0"
Riyad Mahrez,Manchester City,ENG,26,"F,31,5' 10"",148 lbs,Algeria,28,13,11,5,60,20,9,15,0,0"
Kayky Chagas,Manchester City,ENG,37,"F,18,5' 9"",150 lbs,Brazil,1,1,0,0,0,0,1,0,0,0"
Liam Delap,Manchester City,ENG,48,"F,19,--,--,England,1,1,0,0,0,0,1,1,0,0"
Samuel Edozie,Manchester City,ENG,53,"F,19,--,--,England,0,0,0,0,0,0,0,0,0,0"
Thibaut Courtois,Real Madrid,ESP,1,"G,30,6' 6"",201 lbs,Belgium,36,0,0,29,0,1,1,1,0"
Andriy Lunin,Real Madrid,ESP,13,"G,23,6' 3"",174 lbs,Ukraine,2,0,0,2,0,1,0,0,0"
Luis López,Real Madrid,ESP,26,"G,21,--,--,Spain,0,0,0,0,0,0,0,0,0"
Toni Fuidias,Real Madrid,ESP,40,"G,21,6' 5"",--,Spain,0,0,0,0,0,0,0,0,0"
Diego Piñeiro,Real Madrid,ESP,45,"G,18,--,--,Spain,0,0,0,0,0,0,0,0,0"
Dani Carvajal,Real Madrid,ESP,2,"D,30,5' 8"",161 lbs,Spain,24,7,1,3,10,2,19,12,1,0"
Éder Militão,Real Madrid,ESP,3,"D,24,6' 1"",172 lbs,Brazil,34,0,1,2,32,7,36,39,5,0"
David Alaba,Real Madrid,ESP,4,"D,29,5' 11"",172 lbs,Austria,30,0,2,3,21,6,16,7,2,0"
Jesús Vallejo,Real Madrid,ESP,5,"D,25,6' 0"",172 lbs,Spain,5,1,0,0,0,0,4,1,1,0"
Nacho,Real Madrid,ESP,6,"D,32,5' 11"",168 lbs,Spain,28,11,3,0,10,3,15,13,7,0"
Marcelo,Real Madrid,ESP,12,"D,34,5' 9"",163 lbs,Brazil,12,7,0,2,7,2,2,8,0,0"
Ferland Mendy,Real Madrid,ESP,23,"D,26,5' 11"",161 lbs,France,22,2,2,1,12,5,15,24,4,0"
Mario Gila,Real Madrid,ESP,34,"D,21,6' 1"",161 lbs,Spain,2,2,0,0,0,0,0,0,0,0"
Miguel Gutiérrez,Real Madrid,ESP,35,"D,20,5' 11"",150 lbs,Spain,3,0,0,1,0,0,3,8,1,0"
Rafael Zamora,Real Madrid,ESP,41,"D,20,6' 3"",--,Spain,0,0,0,0,0,0,0,0,0,0"
Eden Hazard,Real Madrid,ESP,7,"M,31,5' 9"",161 lbs,Belgium,18,11,0,1,11,7,9,29,2,0"
Toni Kroos,Real Madrid,ESP,8,"M,32,6' 0"",168 lbs,Germany,28,3,1,3,44,9,19,39,4,0"
Luka Modric,Real Madrid,ESP,10,"M,36,5' 8"",146 lbs,Croatia,28,3,2,8,25,9,21,32,5,0"
Marco Asensio,Real Madrid,ESP,11,"M,26,6' 0"",168 lbs,Spain,31,12,10,0,63,30,8,21,2,0"
Casemiro,Real Madrid,ESP,14,"M,30,6' 1"",183 lbs,Brazil,32,1,1,3,40,7,51,37,11,0"
Federico Valverde,Real Madrid,ESP,15,"M,23,6' 0"",172 lbs,Uruguay,31,12,0,1,33,7,17,9,2,0"
Lucas Vázquez,Real Madrid,ESP,17,"M,30,5' 8"",152 lbs,Spain,29,9,3,0,18,5,25,34,3,0"
Dani Ceballos,Real Madrid,ESP,19,"M,25,5' 10"",152 lbs,Spain,11,9,0,0,10,3,3,7,1,0"
Isco,Real Madrid,ESP,22,"M,30,5' 9"",172 lbs,Spain,14,11,1,0,8,2,6,8,1,0"
Eduardo Camavinga,Real Madrid,ESP,25,"M,19,6' 0"",150 lbs,France,26,13,2,1,12,5,35,28,9,0"
Kepa Arrizabalaga,Chelsea,ENG,1,"G,27,6' 2"",183 lbs,Spain,4,0,0,2,0,0,1,0,0"
Bernd Leno,Arsenal,ENG,1,"G,30,6' 3"",183 lbs,Germany,4,0,0,9,0,0,0,0,0"
Marc-André ter Stegen,Barcelona,ESP,1,"G,30,6' 2"",185 lbs,Germany,35,0,0,34,0,0,6,3,0"
Antonio Blanco,Real Madrid,ESP,27,"M,21,5' 9"",--,Spain,1,1,0,0,0,0,1,0,0,0"
Peter,Real Madrid,ESP,44,"M,19,--,--,Spain,3,3,0,0,2,1,0,2,0,0"
Karim Benzema,Real Madrid,ESP,9,"F,34,6' 1"",179 lbs,France,32,1,27,13,120,51,11,9,0,0"
Luka Jovic,Real Madrid,ESP,16,"F,24,6' 0"",185 lbs,Serbia,15,14,1,3,15,3,2,3,1,0"
Gareth Bale,Real Madrid,ESP,18,"F,32,6' 1"",179 lbs,Wales,5,1,1,0,15,4,3,0,2,0"
Vinícius Júnior,Real Madrid,ESP,20,"F,21,5' 9"",161 lbs,Brazil,35,5,17,10,80,42,30,75,6,0"
Marcus Bettinelli,Chelsea,ENG,13,"G,30,6' 4"",181 lbs,England,0,0,0,0,0,0,0,0,0"
Édouard Mendy,Chelsea,ENG,16,"G,30,6' 6"",190 lbs,Senegal,34,0,2,30,0,1,3,3,0"
Lucas Bergstrom,Chelsea,ENG,36,"G,19,--,--,Finland,--,--,--,--,--,--,--,--,--"
Teddy Sharman-Lowe,Chelsea,ENG,60,"G,19,6' 2"",161 lbs,England,--,--,--,--,--,--,--,--,--"
Aaron Ramsdale,Arsenal,ENG,32,"G,24,6' 2"",170 lbs,England,34,0,1,38,0,0,5,1,0"
Arthur Okonkwo,Arsenal,ENG,33,"G,20,6' 6"",--,England,0,0,0,0,0,0,0,0,0"
Kieran Tierney,Arsenal,ENG,3,"D,24,5' 10"",152 lbs,Scotland,22,0,1,3,15,4,4,16,0,0"
Ben White,Arsenal,ENG,4,"D,24,6' 0"",172 lbs,England,32,0,0,0,11,3,19,27,3,0"
Gabriel,Arsenal,ENG,6,"D,24,6' 3"",172 lbs,Brazil,35,0,5,1,30,12,23,38,7,1"
Neto,Barcelona,ESP,13,"G,32,6' 3"",183 lbs,Brazil,3,0,0,4,0,0,0,0,0"
Lazar Carevic,Barcelona,ESP,27,"G,23,6' 4"",185 lbs,Montenegro,0,0,0,0,0,0,0,0,0"
Arnau Tenas,Barcelona,ESP,36,"G,21,6' 1"",185 lbs,Spain,0,0,0,0,0,0,0,0,0"
Sergiño Dest,Barcelona,ESP,2,"D,21,5' 9"",137 lbs,United States,21,4,0,3,12,3,16,19,2,0"
Gerard Piqué,Barcelona,ESP,3,"D,35,6' 4"",185 lbs,Spain,27,2,1,0,19,2,29,15,9,1"
Ronald Araújo,Barcelona,ESP,4,"D,23,6' 2"",172 lbs,Uruguay,30,5,4,0,17,9,25,12,6,0"
Dani Alves,Barcelona,ESP,8,"D,39,5' 8"",152 lbs,Brazil,14,1,1,3,5,2,27,6,2,1"
Clément Lenglet,Barcelona,ESP,15,"D,26,6' 1"",179 lbs,France,21,14,0,1,2,1,19,4,4,0"
Rodrygo,Real Madrid,ESP,21,"F,21,5' 9"",139 lbs,Brazil,33,16,4,4,34,15,17,29,3,0"
Mariano,Real Madrid,ESP,24,"F,28,5' 11"",168 lbs,Dominican Republic,9,6,1,1,14,3,2,0,2,0"
Juan Latasa,Real Madrid,ESP,29,"F,21,--,--,Spain,1,1,0,0,1,0,0,0,0,0"
Sergio Santos,Real Madrid,ESP,43,"F,27,6' 0"",183 lbs,Brazil,1,1,0,0,0,0,0,0,0,0"
Antonio Rüdiger,Chelsea,ENG,2,"D,29,6' 3"",185 lbs,Germany,34,0,3,0,49,12,35,12,9,0"
Marcos Alonso,Chelsea,ENG,3,"D,31,6' 2"",183 lbs,Spain,28,3,4,4,37,5,25,28,8,0"
Andreas Christensen,Chelsea,ENG,4,"D,26,6' 2"",181 lbs,Denmark,19,2,0,0,5,0,11,7,2,0"
Thiago Silva,Chelsea,ENG,6,"D,37,6' 0"",172 lbs,Brazil,32,4,3,0,18,5,12,12,2,0"
Trevoh Chalobah,Chelsea,ENG,14,"D,22,6' 3"",163 lbs,England,20,3,3,1,9,7,18,14,2,0"
Ben Chilwell,Chelsea,ENG,21,"D,25,5' 10"",170 lbs,England,7,1,3,1,11,6,10,15,0,0"
Reece James,Chelsea,ENG,24,"D,22,6' 0"",181 lbs,England,26,4,5,9,38,10,18,31,4,1"
César Azpilicueta,Chelsea,ENG,28,"D,32,5' 10"",168 lbs,Spain,27,3,1,2,12,3,23,5,3,0"
Malang Sarr,Chelsea,ENG,31,"D,23,6' 0"",161 lbs,France,8,2,0,0,1,0,8,1,2,0"
Dylan Williams,Chelsea,ENG,38,"D,18,5' 10"",--,England,--,--,--,--,--,--,--,--,--,--"
Xavier Mbuyamba,Chelsea,ENG,43,"D,20,--,--,Netherlands,--,--,--,--,--,--,--,--,--,--"
Jorginho,Chelsea,ENG,5,"M,30,5' 11"",141 lbs,Italy,29,3,6,2,14,7,28,38,5,0"
N'Golo Kanté,Chelsea,ENG,7,"M,31,5' 6"",150 lbs,France,26,5,2,4,17,9,22,11,2,0"
Rob Holding,Arsenal,ENG,16,"D,26,6' 2"",163 lbs,England,15,6,1,0,4,1,8,3,3,1"
Cédric Soares,Arsenal,ENG,17,"D,30,5' 8"",148 lbs,Portugal,21,5,1,1,12,1,15,6,3,0"
Takehiro Tomiyasu,Arsenal,ENG,18,"D,23,6' 2"",152 lbs,Japan,21,1,0,1,11,2,16,14,2,0"
Nuno Tavares,Arsenal,ENG,20,"D,22,6' 0"",163 lbs,Portugal,22,9,1,1,24,2,21,13,2,0"
Hugo Lloris,Tottenham Hotspur,ENG,1,"G,35,6' 2"",181 lbs,France,38,0,0,39,0,0,2,2,0"
David de Gea,Manchester United,ENG,1,"G,31,6' 4"",168 lbs,Spain,38,0,0,54,0,0,1,0,0"
Alisson,Liverpool,ENG,1,"G,29,6' 3"",201 lbs,Brazil,36,0,8,23,1,0,2,0,0"
Benjamin Lecomte,Atletico Madrid,ESP,1,"G,31,6' 1"",172 lbs,France,0,0,0,0,0,0,0,1,0"
Jordi Alba,Barcelona,ESP,18,"D,33,5' 7"",150 lbs,Spain,30,0,2,10,29,6,24,19,11,0"
Sergi Roberto,Barcelona,ESP,20,"D,30,5' 10"",150 lbs,Spain,9,5,2,1,4,3,1,4,1,0"
Óscar Mingueza,Barcelona,ESP,22,"D,23,6' 0"",163 lbs,Spain,19,10,0,1,2,1,12,4,2,0"
Samuel Umtiti,Barcelona,ESP,23,"D,28,6' 0"",163 lbs,France,1,0,0,0,0,0,0,1,1,0"
Eric García,Barcelona,ESP,24,"D,21,6' 0"",168 lbs,Spain,26,3,0,0,7,5,33,5,5,1"
Álex Balde,Barcelona,ESP,31,"D,18,5' 9"",150 lbs,Spain,5,3,0,0,1,0,4,4,0,0"
Arnau Comas,Barcelona,ESP,35,"D,22,--,--,Spain,0,0,0,0,0,0,0,0,0,0"
Guillem Jaime,Barcelona,ESP,38,"D,23,5' 10"",152 lbs,Spain,0,0,0,0,0,0,0,0,0,0"
Mika Mármol,Barcelona,ESP,41,"D,20,--,--,Spain,1,1,0,0,0,0,0,0,0,0"
Sergio Busquets,Barcelona,ESP,5,"M,33,6' 2"",168 lbs,Spain,36,0,2,0,14,4,49,67,12,0"
Ricard Puig,Barcelona,ESP,6,"M,22,5' 7"",121 lbs,Spain,15,13,1,0,9,3,7,10,0,0"
Nicolas Gonzalez,Barcelona,ESP,14,"M,20,6' 2"",185 lbs,Spain,27,15,2,1,17,3,35,19,6,0"
Pedri,Barcelona,ESP,16,"M,19,5' 9"",130 lbs,Spain,12,2,3,1,13,5,1,17,0,0"
Frenkie de Jong,Barcelona,ESP,21,"M,25,5' 11"",161 lbs,Netherlands,32,2,3,3,17,7,22,35,6,1"
Gavi,Barcelona,ESP,30,"M,17,5' 8"",152 lbs,Spain,34,6,2,5,29,7,59,69,10,1"
Alvaro Sanz Catalan,Barcelona,ESP,34,"M,21,--,--,Spain,2,2,0,0,0,0,0,1,0,0"
Lucas De Vega,Barcelona,ESP,40,"M,22,5' 11"",--,Brazil,0,0,0,0,0,0,0,0,0,0"
Alejandro Orellana Gomez,Barcelona,ESP,43,"M,21,5' 10"",139 lbs,Spain,0,0,0,0,0,0,0,0,0,0"
Ousmane Dembélé,Barcelona,ESP,7,"F,25,5' 10"",148 lbs,France,21,6,1,13,46,7,9,17,3,0"
Memphis Depay,Barcelona,ESP,9,"F,28,5' 9"",172 lbs,Netherlands,28,8,12,2,58,30,19,44,3,0"
Ansu Fati,Barcelona,ESP,10,"F,19,5' 10"",146 lbs,Spain,10,7,4,0,18,8,9,12,0,0"
Adama Traoré,Barcelona,ESP,11,"F,26,5' 10"",190 lbs,Spain,11,7,0,2,8,2,6,7,0,0"
Martin Braithwaite,Barcelona,ESP,12,"F,30,5' 10"",161 lbs,Denmark,4,1,2,1,7,3,5,2,0,0"
Mateo Kovacic,Chelsea,ENG,8,"M,28,5' 10"",172 lbs,Croatia,25,9,2,5,22,6,20,20,4,0"
Christian Pulisic,Chelsea,ENG,10,"M,23,5' 8"",150 lbs,United States,22,9,6,2,28,11,13,31,2,0"
Ruben Loftus-Cheek,Chelsea,ENG,12,"M,26,6' 3"",192 lbs,England,24,11,0,2,20,6,18,40,1,0"
Saúl Ñíguez,Chelsea,ENG,17,"M,27,6' 0"",168 lbs,Spain,10,5,0,0,5,1,9,0,1,0"
Ross Barkley,Chelsea,ENG,18,"M,28,6' 2"",168 lbs,England,6,5,1,0,9,4,2,4,0,0"
Mason Mount,Chelsea,ENG,19,"M,23,5' 10"",152 lbs,England,32,5,11,10,74,27,29,23,4,0"
Hakim Ziyech,Chelsea,ENG,22,"M,29,5' 11"",141 lbs,Morocco,23,9,4,3,51,18,24,29,3,0"
Kenedy,Chelsea,ENG,23,"M,26,6' 0"",170 lbs,Brazil,1,0,0,1,1,0,0,0,0,0"
Kai Havertz,Chelsea,ENG,29,"M,22,6' 2"",183 lbs,Germany,29,7,8,3,56,22,37,25,3,0"
Xavier Simons,Chelsea,ENG,54,"M,19,5' 6"",128 lbs,England,--,--,--,--,--,--,--,--,--,--"
Harvey Vale,Chelsea,ENG,68,"M,18,--,--,England,0,0,0,0,0,0,0,0,0,0"
Charlie Webster,Chelsea,ENG,71,"M,18,--,--,England,--,--,--,--,--,--,--,--,--,--"
Lewis Hall,Chelsea,ENG,75,"M,17,--,--,England,0,0,0,0,0,0,0,0,0,0"
Romelu Lukaku,Chelsea,ENG,9,"F,29,6' 3"",203 lbs,Belgium,26,10,8,1,40,13,8,12,1,0"
Timo Werner,Chelsea,ENG,11,"F,26,5' 11"",163 lbs,Germany,21,6,4,1,44,16,9,12,1,0"
Callum Hudson-Odoi,Chelsea,ENG,20,"F,21,6' 0"",168 lbs,England,15,4,1,2,18,6,9,17,1,0"
Jude Soonsup-Bell,Chelsea,ENG,64,"F,18,--,--,England,--,--,--,--,--,--,--,--,--,--"
Alex Kirk,Arsenal,ENG,54,"D,19,--,--,England,0,0,0,0,0,0,0,0,0,0"
Mazeed Ogungbo,Arsenal,ENG,61,"D,19,--,--,England,0,0,0,0,0,0,0,0,0,0"
Zak Swanson,Arsenal,ENG,69,"D,21,--,--,England,0,0,0,0,0,0,0,0,0,0"
Zach Awe,Arsenal,ENG,75,"D,18,--,--,England,0,0,0,0,0,0,0,0,0,0"
Thomas Partey,Arsenal,ENG,5,"M,28,6' 1"",170 lbs,Ghana,24,1,2,1,44,9,33,17,5,0"
Martin Ødegaard,Arsenal,ENG,8,"M,23,5' 10"",150 lbs,Norway,36,4,7,4,53,15,27,20,4,0"
Emile Smith Rowe,Arsenal,ENG,10,"M,21,6' 0"",172 lbs,England,33,12,10,2,39,23,5,21,1,0"
Albert Sambi Lokonga,Arsenal,ENG,23,"M,22,5' 8"",148 lbs,Belgium,19,7,0,0,20,8,12,15,5,0"
Mohamed Elneny,Arsenal,ENG,25,"M,29,5' 11"",152 lbs,Egypt,14,6,0,2,8,2,5,5,1,0"
Granit Xhaka,Arsenal,ENG,34,"M,29,6' 1"",181 lbs,Switzerland,27,0,1,2,26,5,27,19,10,1"
Miguel Azeez,Arsenal,ENG,38,"M,19,--,--,England,0,0,0,0,0,0,0,0,0,0"
Salah-Edine Oulad M'Hand,Arsenal,ENG,65,"M,18,--,--,Netherlands,0,0,0,0,0,0,0,0,0,0"
Marcelo Flores,Arsenal,ENG,78,"M,18,5' 9"",152 lbs,Mexico,0,0,0,0,0,0,0,0,0,0"
Omari Hutchinson,Arsenal,ENG,82,"M,18,--,--,England,0,0,0,0,0,0,0,0,0,0"
Charlie Patino,Arsenal,ENG,87,"M,18,--,--,England,0,0,0,0,0,0,0,0,0,0"
Bukayo Saka,Arsenal,ENG,7,"F,20,5' 10"",141 lbs,England,38,2,11,7,95,30,31,59,6,0"
Alexandre Lacazette,Arsenal,ENG,9,"F,31,5' 9"",161 lbs,France,30,10,4,7,44,14,32,29,0,0"
Nicolas Pépé,Arsenal,ENG,19,"F,27,6' 0"",161 lbs,Ivory Coast,20,15,1,2,24,6,7,3,0,0"
Edward Nketiah,Arsenal,ENG,30,"F,23,5' 9"",159 lbs,England,21,13,5,1,29,13,16,14,3,0"
Gabriel Martinelli,Arsenal,ENG,35,"F,20,5' 10"",163 lbs,Brazil,29,8,6,6,53,17,22,20,2,1"
Mika Biereth,Arsenal,ENG,58,"F,19,--,--,England,0,0,0,0,0,0,0,0,0,0"
Pierluigi Gollini,Tottenham Hotspur,ENG,22,"G,27,6' 4"",205 lbs,Italy,0,0,0,0,0,0,0,0,0"
Brandon Austin,Tottenham Hotspur,ENG,40,"G,23,6' 2"",181 lbs,England,0,0,0,0,0,0,0,0,0"
Matt Doherty,Tottenham Hotspur,ENG,2,"D,30,6' 0"",174 lbs,Ireland,15,6,2,4,16,6,10,5,0,0"
Sergio Reguilón,Tottenham Hotspur,ENG,3,"D,25,5' 10"",150 lbs,Spain,25,3,2,3,20,9,21,24,4,0"
Cristian Romero,Tottenham Hotspur,ENG,4,"D,24,6' 1"",172 lbs,Argentina,22,1,1,1,6,2,27,15,8,0"
Davinson Sánchez,Tottenham Hotspur,ENG,6,"D,25,6' 2"",179 lbs,Colombia,23,6,2,0,14,3,16,11,4,0"
Emerson Royal,Tottenham Hotspur,ENG,12,"D,23,5' 11"",172 lbs,Brazil,31,5,1,1,14,4,28,45,5,0"
Joe Rodon,Tottenham Hotspur,ENG,14,"D,24,5' 11"",152 lbs,Wales,3,3,0,0,0,0,0,1,0,0"
Eric Dier,Tottenham Hotspur,ENG,15,"D,28,6' 2"",192 lbs,England,35,0,0,0,16,5,12,9,1,0"
Japhet Tanganga,Tottenham Hotspur,ENG,25,"D,23,6' 0"",168 lbs,England,11,1,0,0,7,2,19,8,3,1"
Ben Davies,Tottenham Hotspur,ENG,33,"D,29,5' 11"",168 lbs,Wales,29,1,1,1,16,7,30,18,6,0"
Malachi Walcott,Tottenham Hotspur,ENG,46,"D,20,--,--,England,--,--,--,--,--,--,--,--,--,--"
Maksim Paskotši,Tottenham Hotspur,ENG,48,"D,19,--,--,Estonia,--,--,--,--,--,--,--,--,--,--"
Tobi Omole,Tottenham Hotspur,ENG,49,"D,22,--,--,England,0,0,0,0,0,0,0,0,0,0"
Kallum Cesay,Tottenham Hotspur,ENG,50,"D,19,--,--,England,--,--,--,--,--,--,--,--,--,--"
Brooklyn Lyons-Foster,Tottenham Hotspur,ENG,53,"D,21,--,--,England,--,--,--,--,--,--,--,--,--,--"
Marcel Lavinier,Tottenham Hotspur,ENG,57,"D,21,5' 11"",--,Portugal,0,0,0,0,0,0,0,0,0,0"
Pierre-Emile Hojbjerg,Tottenham Hotspur,ENG,5,"M,26,6' 2"",183 lbs,Denmark,36,0,2,2,28,9,26,38,3,0"
Harry Winks,Tottenham Hotspur,ENG,8,"M,26,5' 10"",141 lbs,England,19,10,0,1,2,1,8,13,2,0"
Dejan Kulusevski,Tottenham Hotspur,ENG,21,"M,22,6' 1"",174 lbs,Sweden,18,4,5,8,25,10,19,15,3,0"
Oliver Skipp,Tottenham Hotspur,ENG,29,"M,21,5' 9"",152 lbs,England,18,4,0,0,5,1,16,16,6,0"
Rodrigo Bentancur,Tottenham Hotspur,ENG,30,"M,24,6' 2"",159 lbs,Uruguay,17,1,0,4,14,2,22,13,5,0"
Harvey White,Tottenham Hotspur,ENG,42,"M,20,--,--,England,0,0,0,0,0,0,0,0,0,0"
Alfie Devine,Tottenham Hotspur,ENG,45,"M,17,5' 10"",163 lbs,England,0,0,0,0,0,0,0,0,0,0"
Matthew Craig,Tottenham Hotspur,ENG,51,"M,19,--,--,Scotland,0,0,0,0,0,0,0,0,0,0"
Michael Craig,Tottenham Hotspur,ENG,52,"M,19,--,--,Scotland,--,--,--,--,--,--,--,--,--,--"
Jamie Bowden,Tottenham Hotspur,ENG,54,"M,20,--,--,England,0,0,0,0,0,0,0,0,0,0"
Romaine Mundle,Tottenham Hotspur,ENG,55,"M,19,--,--,England,--,--,--,--,--,--,--,--,--,--"
Son Heung-Min,Tottenham Hotspur,ENG,7,"F,29,6' 0"",172 lbs,South Korea,35,0,23,8,83,47,12,36,2,0"
Harry Kane,Tottenham Hotspur,ENG,10,"F,28,6' 2"",190 lbs,England,37,1,17,9,134,49,41,54,5,0"
Ryan Sessegnon,Tottenham Hotspur,ENG,19,"F,22,5' 10"",152 lbs,England,15,2,0,2,7,1,18,7,2,0"
Steven Bergwijn,Tottenham Hotspur,ENG,23,"F,24,5' 10"",172 lbs,Netherlands,25,21,3,1,16,8,10,9,1,0"
Lucas Moura,Tottenham Hotspur,ENG,27,"F,29,5' 8"",159 lbs,Brazil,34,15,2,6,34,10,17,37,4,0"
Lee Grant,Manchester United,ENG,13,"G,39,6' 4"",183 lbs,England,--,--,--,--,--,--,--,--,--"
Tom Heaton,Manchester United,ENG,22,"G,36,6' 2"",185 lbs,England,0,0,0,0,0,0,0,0,0"
Dean Henderson,Manchester United,ENG,26,"G,25,6' 2"",185 lbs,England,0,0,0,0,0,0,0,0,0"
Victor Lindelöf,Manchester United,ENG,2,"D,27,6' 2"",174 lbs,Sweden,28,2,0,2,3,2,18,6,4,0"
Eric Bailly,Manchester United,ENG,3,"D,28,6' 2"",170 lbs,Ivory Coast,4,1,0,0,1,1,2,0,1,0"
Phil Jones,Manchester United,ENG,4,"D,30,5' 11"",157 lbs,England,4,2,0,0,0,0,0,2,0,0"
Harry Maguire,Manchester United,ENG,5,"D,29,6' 4"",218 lbs,England,30,2,1,0,24,11,21,18,8,1"
Raphaël Varane,Manchester United,ENG,19,"D,29,6' 3"",179 lbs,France,22,2,1,1,9,1,5,7,0,0"
Diogo Dalot,Manchester United,ENG,20,"D,23,6' 0"",168 lbs,Portugal,24,5,0,0,13,3,18,4,4,0"
Luke Shaw,Manchester United,ENG,23,"D,26,6' 1"",163 lbs,England,20,1,0,3,6,1,30,16,8,0"
Alex Telles,Manchester United,ENG,27,"D,29,5' 11"",157 lbs,Brazil,21,3,0,4,9,1,22,9,1,0"
Aaron Wan-Bissaka,Manchester United,ENG,29,"D,24,6' 0"",159 lbs,England,20,0,0,0,5,1,15,13,2,0"
Bjorn Hardley,Manchester United,ENG,64,"D,19,--,--,Netherlands,--,--,--,--,--,--,--,--,--,--"
Álvaro Fernández,Manchester United,ENG,74,"D,19,--,--,Spain,0,0,0,0,0,0,0,0,0,0"
Paul Pogba,Manchester United,ENG,6,"M,29,6' 3"",183 lbs,France,20,4,1,9,32,8,38,29,7,1"
Juan Mata,Manchester United,ENG,8,"M,34,5' 7"",139 lbs,Spain,7,5,0,0,4,0,2,4,0,0"
Jesse Lingard,Manchester United,ENG,14,"M,29,5' 9"",137 lbs,England,16,14,2,0,7,5,5,4,1,0"
Adrián,Liverpool,ENG,13,"G,35,6' 3"",174 lbs,Spain,0,0,0,0,0,0,0,0,0"
Loris Karius,Liverpool,ENG,22,"G,28,6' 2"",192 lbs,Germany,--,--,--,--,--,--,--,--,--"
Caoimhin Kelleher,Liverpool,ENG,62,"G,23,5' 10"",161 lbs,Ireland,2,0,0,2,0,0,1,0,0"
Harvey Davies,Liverpool,ENG,95,"G,18,--,--,England,--,--,--,--,--,--,--,--,--"
Marcelo,Liverpool,ENG,97,"G,19,6' 4"",170 lbs,Brazil,0,0,0,0,0,0,0,0,0"
Virgil van Dijk,Liverpool,ENG,4,"D,30,6' 4"",203 lbs,Netherlands,34,0,3,1,36,14,9,8,3,0"
Ibrahima Konaté,Liverpool,ENG,5,"D,23,6' 4"",207 lbs,France,11,0,0,0,4,0,10,3,2,0"
Joe Gomez,Liverpool,ENG,12,"D,25,6' 2"",170 lbs,England,8,4,0,1,1,0,5,2,2,0"
Konstantinos Tsimikas,Liverpool,ENG,21,"D,26,5' 10"",170 lbs,Greece,13,4,0,2,8,2,20,6,3,0"
Andy Robertson,Liverpool,ENG,26,"D,28,5' 10"",139 lbs,Scotland,29,0,3,10,19,8,19,9,5,1"
Joël Matip,Liverpool,ENG,32,"D,30,6' 5"",196 lbs,Cameroon,31,0,3,3,35,8,12,11,2,0"
Rhys Williams,Liverpool,ENG,46,"D,21,6' 5"",--,England,0,0,0,0,0,0,0,0,0,0"
Owen Beck,Liverpool,ENG,63,"D,19,--,--,Wales,0,0,0,0,0,0,0,0,0,0"
Trent Alexander-Arnold,Liverpool,ENG,66,"D,23,5' 9"",150 lbs,England,32,0,2,12,49,13,12,7,2,0"
James Norris,Liverpool,ENG,77,"D,19,--,--,England,--,--,--,--,--,--,--,--,--,--"
Jarell Quansah,Liverpool,ENG,78,"D,19,--,--,England,0,0,0,0,0,0,0,0,0,0"
Conor Bradley,Liverpool,ENG,84,"D,18,--,--,Northern Ireland,0,0,0,0,0,0,0,0,0,0"
Jan Oblak,Atletico Madrid,ESP,13,"G,29,6' 2"",192 lbs,Slovenia,38,0,2,40,0,0,7,1,0"
Christian Gómez,Atletico Madrid,ESP,31,"G,22,5' 8"",157 lbs,Spain,--,--,--,--,--,--,--,--,--"
Alejandro Iturbe,Atletico Madrid,ESP,33,"G,18,--,--,Spain,--,--,--,--,--,--,--,--,--"
Antonio Gomis,Atletico Madrid,ESP,35,"G,19,--,--,Spain,0,0,0,0,0,0,0,0,0"
José Giménez,Atletico Madrid,ESP,2,"D,27,6' 1"",174 lbs,Uruguay,24,0,1,1,21,7,12,21,8,0"
Renan Lodi,Atletico Madrid,ESP,12,"D,24,5' 8"",150 lbs,Brazil,29,16,2,2,10,4,17,21,5,0"
Stefan Savic,Atletico Madrid,ESP,15,"D,31,6' 2"",179 lbs,Montenegro,28,0,0,0,16,6,29,22,12,0"
Felipe,Atletico Madrid,ESP,18,"D,33,6' 3"",183 lbs,Brazil,26,11,2,1,11,4,21,14,5,1"
Alberto Moreno,Atletico Madrid,ESP,18,"D,29,5' 7"",141 lbs,Spain,24,11,3,2,20,8,20,21,3,0"
Mario Hermoso,Atletico Madrid,ESP,22,"D,26,6' 0"",163 lbs,Spain,26,5,2,1,18,5,26,11,6,1"
Reinildo Mandava,Atletico Madrid,ESP,23,"D,28,5' 11"",161 lbs,Mozambique,17,2,0,0,2,0,25,20,5,0"
Sime Vrsaljko,Atletico Madrid,ESP,24,"D,30,5' 11"",168 lbs,Croatia,21,11,1,2,4,1,13,5,4,0"
Marco Moreno,Atletico Madrid,ESP,32,"D,21,6' 4"",--,Spain,0,0,0,0,0,0,0,0,0,0"
Sergio Camus,Atletico Madrid,ESP,37,"D,25,5' 9"",161 lbs,Spain,--,--,--,--,--,--,--,--,--,--"
Fran González,Atletico Madrid,ESP,38,"D,23,6' 0"",172 lbs,Spain,--,--,--,--,--,--,--,--,--,--"
Luuk de Jong,Barcelona,ESP,17,"F,31,6' 2"",190 lbs,Netherlands,21,15,6,0,23,10,7,12,1,0"
Ferran Torres,Barcelona,ESP,19,"F,22,6' 0"",170 lbs,Spain,18,1,4,4,50,17,7,20,1,0"
Pierre-Emerick Aubameyang,Barcelona,ESP,25,"F,32,6' 2"",174 lbs,Gabon,17,4,11,1,34,18,7,7,0,0"
Ferran Jutglà,Barcelona,ESP,29,"F,23,--,--,Spain,6,2,1,0,10,4,4,6,1,0"
Abde Ezzalzouli,Barcelona,ESP,33,"F,20,--,--,Morocco,10,4,1,0,14,3,15,15,4,0"
Ilias Akhomach,Barcelona,ESP,37,"F,18,--,--,Spain,2,0,0,0,4,2,3,4,0,0"
Estanis Pedrola,Barcelona,ESP,39,"F,18,--,--,Spain,1,1,0,0,0,0,1,0,0,0"
Dane Scarlett,Tottenham Hotspur,ENG,44,"F,18,5' 11"",168 lbs,England,1,1,0,0,0,0,0,0,0,0"
J'Meill Lloyd-Bennett,Tottenham Hotspur,ENG,56,"F,20,--,--,England,--,--,--,--,--,--,--,--,--,--"
Fred,Manchester United,ENG,17,"M,29,5' 7"",139 lbs,Brazil,28,4,4,4,17,10,31,30,5,0"
Bruno Fernandes,Manchester United,ENG,18,"M,27,5' 10"",150 lbs,Portugal,36,1,10,6,86,25,34,47,10,0"
Nemanja Matic,Manchester United,ENG,31,"M,33,6' 4"",185 lbs,Serbia,23,7,0,4,6,1,25,3,3,0"
Scott McTominay,Manchester United,ENG,39,"M,25,6' 4"",192 lbs,Scotland,30,2,1,1,27,6,55,33,9,0"
Hannibal Mejbri,Manchester United,ENG,46,"M,19,5' 10"",--,Tunisia,2,1,0,0,1,1,3,0,2,0"
Charlie Savage,Manchester United,ENG,72,"M,19,--,--,Wales,0,0,0,0,0,0,0,0,0,0"
Zidane Iqbal,Manchester United,ENG,73,"M,19,--,--,Iraq,--,--,--,--,--,--,--,--,--,--"
Cristiano Ronaldo,Manchester United,ENG,7,"F,37,6' 2"",183 lbs,Portugal,30,3,18,3,109,40,15,18,8,0"
Marcus Rashford,Manchester United,ENG,10,"F,24,5' 11"",152 lbs,England,25,12,4,2,21,10,12,18,2,0"
Mason Greenwood,Manchester United,ENG,11,"F,20,5' 11"",152 lbs,England,18,2,5,1,47,17,14,16,1,0"
Edinson Cavani,Manchester United,ENG,21,"F,35,6' 0"",157 lbs,Uruguay,15,8,2,1,17,6,7,5,0,0"
Jadon Sancho,Manchester United,ENG,25,"F,22,5' 11"",168 lbs,England,29,9,3,3,26,9,4,7,0,0"
Anthony Elanga,Manchester United,ENG,36,"F,20,5' 10"",--,Sweden,21,7,2,2,20,6,7,22,0,0"
Shola Shoretire,Manchester United,ENG,47,"F,18,5' 7"",--,England,1,1,0,0,0,0,0,1,0,0"
Billy Koumetio,Liverpool,ENG,89,"D,19,--,--,France,--,--,--,--,--,--,--,--,--,--"
Fabinho,Liverpool,ENG,3,"M,28,6' 2"",172 lbs,Brazil,29,3,5,1,20,9,40,28,7,0"
Thiago Alcántara,Liverpool,ENG,6,"M,31,5' 9"",152 lbs,Spain,25,8,1,4,24,5,19,13,2,0"
James Milner,Liverpool,ENG,7,"M,36,5' 9"",152 lbs,England,24,15,0,1,9,1,16,14,2,0"
Naby Keita,Liverpool,ENG,8,"M,27,5' 8"",139 lbs,Guinea,23,9,3,1,26,7,20,9,3,0"
Jordan Henderson,Liverpool,ENG,14,"M,31,6' 0"",148 lbs,England,35,6,2,5,29,6,21,8,3,0"
Alex Oxlade-Chamberlain,Liverpool,ENG,15,"M,28,5' 11"",152 lbs,England,17,8,2,1,21,3,10,3,0,0"
Curtis Jones,Liverpool,ENG,17,"M,21,6' 1"",163 lbs,England,15,5,1,1,19,6,11,19,0,0"
Elijah Dixon-Bonner,Liverpool,ENG,45,"M,21,--,--,England,--,--,--,--,--,--,--,--,--,--"
Isaac Mabaya,Liverpool,ENG,52,"M,17,--,--,England,--,--,--,--,--,--,--,--,--,--"
Harvey Elliott,Liverpool,ENG,67,"M,19,5' 7"",--,England,6,2,0,0,10,1,1,6,0,0"
Tyler Morton,Liverpool,ENG,80,"M,19,--,--,England,2,1,0,0,0,0,1,0,1,0"
Melkamu Frauendorf,Liverpool,ENG,94,"M,18,--,--,Germany,--,--,--,--,--,--,--,--,--,--"
Roberto Firmino,Liverpool,ENG,9,"F,30,5' 11"",168 lbs,Brazil,20,10,5,4,29,11,7,6,3,0"
Manu Lama,Atletico Madrid,ESP,42,"D,21,--,--,Spain,0,0,0,0,0,0,0,0,0,0"
Joan Rojas,Atletico Madrid,ESP,44,"D,22,--,--,Spain,0,0,0,0,0,0,0,0,0,0"
Ibrahima Camara,Atletico Madrid,ESP,47,"D,19,--,--,Spain,0,0,0,0,0,0,0,0,0,0"
Sergio Diez,Atletico Madrid,ESP,57,"D,18,5' 10"",--,Spain,0,0,0,0,0,0,0,0,0,0"
Geoffrey Kondogbia,Atletico Madrid,ESP,4,"M,29,6' 2"",174 lbs,Central African Republic,28,7,1,2,14,1,39,37,11,2"
Rodrigo De Paul,Atletico Madrid,ESP,5,"M,28,5' 11"",152 lbs,Argentina,36,12,3,1,22,9,41,59,7,0"
Koke,Atletico Madrid,ESP,6,"M,30,5' 9"",170 lbs,Spain,31,2,1,2,11,6,29,27,6,0"
Thomas Lemar,Atletico Madrid,ESP,11,"M,26,5' 7"",139 lbs,France,24,7,4,5,27,7,9,21,2,0"
Marcos Llorente,Atletico Madrid,ESP,14,"M,27,6' 0"",161 lbs,Spain,29,0,0,2,16,1,26,16,5,0"
Alejandro Garnacho Ferreyra,Manchester United,ENG,75,"F,17,5' 11"",174 lbs,Argentina,2,2,0,0,0,0,1,0,0,0"
Sadio Mané,Liverpool,ENG,10,"F,30,5' 9"",150 lbs,Senegal,34,2,16,2,96,36,46,50,5,0"
Mohamed Salah,Liverpool,ENG,11,"F,29,5' 9"",157 lbs,Egypt,35,5,23,13,134,51,11,23,1,0"
Takumi Minamino,Liverpool,ENG,18,"F,27,5' 9"",150 lbs,Japan,11,10,3,0,7,4,4,4,1,0"
Diogo Jota,Liverpool,ENG,20,"F,25,5' 10"",150 lbs,Portugal,35,8,15,4,89,33,41,40,3,0"
Luis Díaz,Liverpool,ENG,23,"F,25,5' 10"",141 lbs,Colombia,13,2,4,3,34,11,13,14,0,0"
Divock Origi,Liverpool,ENG,27,"F,27,6' 1"",163 lbs,Belgium,7,7,3,0,10,5,1,1,0,0"
Kaide Gordon,Liverpool,ENG,49,"F,17,--,--,England,1,1,0,0,1,1,1,0,0,0"
Max Woltman,Liverpool,ENG,82,"F,18,--,--,England,--,--,--,--,--,--,--,--,--,--"
James Balagizi,Liverpool,ENG,85,"F,18,--,--,England,--,--,--,--,--,--,--,--,--,--"
Harvey Blair,Liverpool,ENG,86,"F,18,--,--,England,--,--,--,--,--,--,--,--,--,--"
Héctor Herrera,Atletico Madrid,ESP,16,"M,32,6' 1"",174 lbs,Mexico,21,13,0,0,8,3,19,8,4,0"
Daniel Wass,Atletico Madrid,ESP,17,"M,33,5' 11"",161 lbs,Denmark,20,1,1,1,25,6,29,18,7,0"
Yannick Carrasco,Atletico Madrid,ESP,21,"M,28,6' 1"",161 lbs,Belgium,34,6,6,6,49,11,25,39,5,0"
Javier Serrano,Atletico Madrid,ESP,26,"M,19,--,--,Spain,5,4,0,0,0,0,4,1,1,1"
Pablo Barrios Rivas,Atletico Madrid,ESP,50,"M,18,--,--,Spain,0,0,0,0,0,0,0,0,0,0"
João Félix,Atletico Madrid,ESP,7,"F,22,5' 11"",152 lbs,Portugal,24,11,8,4,37,13,13,57,2,1"
Antoine Griezmann,Atletico Madrid,ESP,8,"F,31,5' 9"",161 lbs,France,29,5,3,4,47,13,20,31,3,0"
Luis Suárez,Atletico Madrid,ESP,9,"F,35,6' 0"",190 lbs,Uruguay,35,15,11,2,54,25,19,26,7,0"
Ángel Correa,Atletico Madrid,ESP,10,"F,27,5' 7"",152 lbs,Argentina,36,15,12,5,48,22,24,27,3,1"
Matheus Cunha,Atletico Madrid,ESP,19,"F,23,6' 0"",168 lbs,Brazil,29,21,6,4,35,14,19,26,3,0"
Giuliano Simeone,Atletico Madrid,ESP,27,"F,19,--,--,Argentina,1,1,0,0,0,0,0,2,0,0"
Carlos Martín,Atletico Madrid,ESP,36,"F,20,--,--,Spain,1,1,0,0,0,0,1,0,1,0"
Garissone Innocent,Paris Saint-Germain ,FRA,1,"G,22,6' 4"",--,France,--,--,--,--,--,--,--,--,--"
Manuel Neuer,Bayern Munich,GER,1,"G,36,6' 4"",203 lbs,Germany,28,0,0,26,0,0,1,0,0"
Wojciech Szczesny,Juventus,ITA,1,"G,32,6' 5"",196 lbs,Poland,33,0,0,29,0,2,4,2,0"
Manuel Neuer,Bayern Munich,GER,1,"G,36,6' 4"",203 lbs,Germany,28,0,0,26,0,0,1,0,0"
Samir Handanovic,Internazionale,ITA,1,"G,37,6' 4"",203 lbs,Slovenia,37,0,0,29,0,0,4,1,0"
Ciprian Tatarusanu,AC Milan,ITA,1,"G,36,6' 6"",196 lbs,Romania,6,0,0,9,0,0,0,0,0"
Silas Ostrzinski,Borussia Dortmund,GER,1,"G,18,6' 6"",190 lbs,Germany,--,--,--,--,--,--,--,--,--"
Keylor Navas,Paris Saint-Germain ,FRA,40,"G,35,6' 1"",174 lbs,Costa Rica,21,0,0,19,0,1,1,0,1"
Denis Franchi,Paris Saint-Germain ,FRA,50,"G,19,--,--,Italy,0,0,0,0,0,0,0,0,0"
Gianluigi Donnarumma,Paris Saint-Germain ,FRA,60,"G,23,6' 5"",196 lbs,Italy,17,0,0,16,0,0,2,3,0"
Alexandre Letellier,Paris Saint-Germain ,FRA,2,"G,31,6' 4"",203 lbs,France,1,1,0,0,0,0,0,0,0"
Achraf Hakimi,Paris Saint-Germain ,FRA,3,"D,23,5' 11"",161 lbs,Morocco,32,4,4,6,20,10,22,14,3,1"
Presnel Kimpembe,Paris Saint-Germain ,FRA,4,"D,26,6' 0"",170 lbs,France,30,1,1,0,7,1,28,26,6,0"
Sergio Ramos,Paris Saint-Germain ,FRA,5,"D,36,6' 0"",181 lbs,Spain,12,4,2,0,12,4,11,4,2,1"
Marquinhos,Paris Saint-Germain ,FRA,14,"D,28,6' 0"",163 lbs,Brazil,32,0,5,0,22,7,6,11,5,0"
Juan Bernat,Paris Saint-Germain ,FRA,17,"D,29,5' 10"",148 lbs,Spain,15,3,0,0,1,1,3,9,2,0"
Colin Dagba,Paris Saint-Germain ,FRA,20,"D,23,5' 7"",137 lbs,France,3,1,0,0,0,0,6,2,1,0"
Layvin Kurzawa,Paris Saint-Germain ,FRA,22,"D,29,6' 0"",161 lbs,France,0,0,0,0,0,0,0,0,0,0"
Abdou Diallo,Paris Saint-Germain ,FRA,24,"D,26,6' 2"",172 lbs,Senegal,12,2,0,1,2,1,11,3,1,0"
Thilo Kehrer,Paris Saint-Germain ,FRA,25,"D,25,6' 1"",168 lbs,Germany,27,11,2,0,9,4,15,6,0,0"
Sven Ulreich,Bayern Munich,GER,26,"G,33,6' 4"",192 lbs,Germany,6,0,0,10,0,0,1,0,0"
Christian Früchtl,Bayern Munich,GER,36,"G,22,6' 4"",183 lbs,Germany,1,1,0,0,0,0,0,0,0"
Dayot Upamecano,Bayern Munich,GER,2,"D,23,6' 1"",196 lbs,France,28,3,1,6,11,2,26,11,4,0"
Omar Richards,Bayern Munich,GER,3,"D,24,5' 9"",150 lbs,England,12,7,0,0,4,0,15,22,1,0"
Niklas Süle,Bayern Munich,GER,4,"D,26,6' 5"",216 lbs,Germany,28,9,1,2,16,6,10,1,2,0"
Benjamin Pavard,Bayern Munich,GER,5,"D,26,6' 1"",179 lbs,France,25,1,0,1,17,3,17,10,2,1"
Bouna Sarr,Bayern Munich,GER,20,"D,30,5' 10"",150 lbs,Senegal,5,5,0,0,0,0,0,0,0,0"
Lucas Hernández,Bayern Munich,GER,21,"D,26,6' 0"",172 lbs,France,25,0,0,1,3,1,20,36,7,0"
Tanguy Nianzou,Bayern Munich,GER,23,"D,19,6' 2"",183 lbs,France,17,11,1,1,6,1,13,8,4,0"
Nicolas Feldhahn,Bayern Munich,GER,28,"D,35,6' 2"",205 lbs,Germany,0,0,0,0,0,0,0,0,0,0"
Josip Stanisic,Bayern Munich,GER,44,"D,22,6' 1"",170 lbs,Croatia,13,7,1,0,4,3,4,1,1,0"
Joshua Kimmich,Bayern Munich,GER,6,"M,27,5' 10"",163 lbs,Germany,28,0,3,11,25,7,19,47,4,0"
Serge Gnabry,Bayern Munich,GER,7,"M,26,5' 9"",170 lbs,Germany,34,9,14,6,66,26,11,21,0,0"
Carlo Pinsoglio,Juventus,ITA,23,"G,32,6' 4"",185 lbs,Italy,1,1,0,1,0,0,0,0,0"
Franco Israel,Juventus,ITA,35,"G,22,6' 2"",190 lbs,Uruguay,0,0,0,0,0,0,0,0,0"
Mattia Perin,Juventus,ITA,36,"G,29,6' 2"",185 lbs,Italy,5,0,0,6,0,0,1,0,0"
Zsombor Senko,Juventus,ITA,42,"G,19,--,--,Hungary,0,0,0,0,0,0,0,0,0"
Marco Raina,Juventus,ITA,53,"G,20,--,--,Italy,0,0,0,0,0,0,0,0,0"
Mattia De Sciglio,Juventus,ITA,2,"D,29,6' 0"",172 lbs,Italy,20,7,1,2,5,1,12,7,2,1"
Giorgio Chiellini,Juventus,ITA,3,"D,37,6' 2"",185 lbs,Italy,21,5,0,0,4,0,14,22,2,0"
Matthijs de Ligt,Juventus,ITA,4,"D,22,6' 2"",194 lbs,Netherlands,31,2,3,1,20,10,28,15,3,1"
Danilo,Juventus,ITA,6,"D,30,6' 0"",172 lbs,Brazil,22,0,1,2,14,3,18,11,6,0"
Juan Cuadrado,Juventus,ITA,11,"D,34,5' 10"",159 lbs,Colombia,33,5,4,4,33,10,19,53,9,0"
Alex Sandro,Juventus,ITA,12,"D,31,5' 11"",174 lbs,Brazil,28,11,0,1,10,3,31,34,3,0"
Alessandro Citi,Juventus,ITA,13,"D,19,--,--,Italy,--,--,--,--,--,--,--,--,--,--"
Luca Pellegrini,Juventus,ITA,17,"D,23,5' 10"",159 lbs,Italy,18,3,0,1,6,1,20,21,6,0"
Leonardo Bonucci,Juventus,ITA,19,"D,35,6' 3"",185 lbs,Italy,24,2,5,1,17,6,16,8,1,0"
Daniele Rugani,Juventus,ITA,24,"D,27,6' 3"",183 lbs,Italy,12,3,0,0,2,0,11,1,2,0"
Sven Ulreich,Bayern Munich,GER,26,"G,33,6' 4"",192 lbs,Germany,6,0,0,10,0,0,1,0,0"
Christian Früchtl,Bayern Munich,GER,36,"G,22,6' 4"",183 lbs,Germany,1,1,0,0,0,0,0,0,0"
Dayot Upamecano,Bayern Munich,GER,2,"D,23,6' 1"",196 lbs,France,28,3,1,6,11,2,26,11,4,0"
Omar Richards,Bayern Munich,GER,3,"D,24,5' 9"",150 lbs,England,12,7,0,0,4,0,15,22,1,0"
Niklas Süle,Bayern Munich,GER,4,"D,26,6' 5"",216 lbs,Germany,28,9,1,2,16,6,10,1,2,0"
Benjamin Pavard,Bayern Munich,GER,5,"D,26,6' 1"",179 lbs,France,25,1,0,1,17,3,17,10,2,1"
Bouna Sarr,Bayern Munich,GER,20,"D,30,5' 10"",150 lbs,Senegal,5,5,0,0,0,0,0,0,0,0"
Lucas Hernández,Bayern Munich,GER,21,"D,26,6' 0"",172 lbs,France,25,0,0,1,3,1,20,36,7,0"
Tanguy Nianzou,Bayern Munich,GER,23,"D,19,6' 2"",183 lbs,France,17,11,1,1,6,1,13,8,4,0"
Nicolas Feldhahn,Bayern Munich,GER,28,"D,35,6' 2"",205 lbs,Germany,0,0,0,0,0,0,0,0,0,0"
Josip Stanisic,Bayern Munich,GER,44,"D,22,6' 1"",170 lbs,Croatia,13,7,1,0,4,3,4,1,1,0"
Joshua Kimmich,Bayern Munich,GER,6,"M,27,5' 10"",163 lbs,Germany,28,0,3,11,25,7,19,47,4,0"
Alex Cordaz,Internazionale,ITA,21,"G,39,6' 2"",183 lbs,Italy,0,0,0,0,0,0,0,0,0"
William Rovida,Internazionale,ITA,40,"G,19,--,--,Italy,0,0,0,0,0,0,0,0,0"
Ionut Radu,Internazionale,ITA,97,"G,25,6' 2"",152 lbs,Romania,1,0,0,2,0,0,0,0,0"
Mattia Zanotti,Internazionale,ITA,2,"D,19,--,--,Italy,1,1,0,0,0,0,0,0,0,0"
Denzel Dumfries,Internazionale,ITA,6,"D,26,6' 2"",174 lbs,Netherlands,33,12,5,4,40,18,31,37,3,0"
Stefan de Vrij,Internazionale,ITA,11,"D,30,6' 2"",172 lbs,Netherlands,30,2,0,0,20,3,18,6,3,0"
Aleksandar Kolarov,Internazionale,ITA,13,"D,36,6' 2"",179 lbs,Serbia,3,3,0,0,1,0,0,1,0,0"
Andrea Ranocchia,Internazionale,ITA,18,"D,34,6' 5"",179 lbs,Italy,6,3,0,0,2,1,4,2,1,0"
Robin Gosens,Internazionale,ITA,32,"D,27,6' 0"",168 lbs,Germany,13,8,1,1,18,4,4,7,3,0"
Federico Dimarco,Internazionale,ITA,33,"D,24,5' 9"",163 lbs,Italy,32,19,2,3,38,16,13,14,1,0"
Danilo D'Ambrosio,Internazionale,ITA,36,"D,33,5' 11"",163 lbs,Italy,20,11,1,1,14,2,14,5,2,0"
Matteo Darmian,Internazionale,ITA,37,"D,32,6' 0"",152 lbs,Italy,25,7,2,1,8,4,22,18,4,0"
Milan Skriniar,Internazionale,ITA,43,"D,27,6' 2"",174 lbs,Slovakia,35,0,3,0,24,8,40,23,3,0"
Fabio Cortinovis,Internazionale,ITA,95,"D,20,--,--,Italy,0,0,0,0,0,0,0,0,0,0"
Mike Maignan,AC Milan,ITA,16,"G,26,6' 3"",194 lbs,France,32,0,3,20,1,0,8,1,0"
Antonio Mirante,AC Milan,ITA,83,"G,38,6' 4"",172 lbs,Italy,0,0,0,0,0,0,0,0,0"
Sebastiano Desplanches,AC Milan,ITA,90,"G,19,--,--,Italy,0,0,0,0,0,0,0,0,0"
Lapo Francesco Maria Nava,AC Milan,ITA,92,"G,18,--,--,Italy,0,0,0,0,0,0,0,0,0"
Andreas Jungdal,AC Milan,ITA,96,"G,20,6' 3"",--,Denmark,0,0,0,0,0,0,0,0,0"
Davide Calabria,AC Milan,ITA,2,"D,25,5' 10"",152 lbs,Italy,26,2,2,3,33,8,13,28,2,0"
Fodé Ballo-Toure,AC Milan,ITA,5,"D,25,6' 0"",152 lbs,Senegal,10,5,0,0,2,1,11,10,2,0"
Alessio Romagnoli,AC Milan,ITA,13,"D,27,6' 1"",163 lbs,Italy,19,3,1,0,11,4,17,13,4,1"
Theo Hernández,AC Milan,ITA,19,"D,24,6' 0"",179 lbs,France,32,2,5,6,39,9,32,74,6,2"
Pierre Kalulu,AC Milan,ITA,20,"D,21,5' 10"",150 lbs,France,28,7,1,2,5,2,14,6,4,0"
Fikayo Tomori,AC Milan,ITA,23,"D,24,6' 1"",163 lbs,England,31,1,0,0,11,3,18,11,4,0"
Simon Kjaer,AC Milan,ITA,24,"D,33,6' 3"",190 lbs,Denmark,11,1,0,1,6,2,20,5,2,0"
Alessandro Florenzi,AC Milan,ITA,25,"D,31,5' 8"",148 lbs,Italy,24,12,2,0,20,5,10,8,2,0"
Gregor Kobel,Borussia Dortmund,GER,25,"G,24,6' 5"",192 lbs,Switzerland,29,0,0,37,0,1,6,0,0"
Luca Unbehaun,Borussia Dortmund,GER,35,"G,21,6' 1"",181 lbs,Germany,0,0,0,0,0,0,0,0,0"
Marwin Hitz,Borussia Dortmund,GER,38,"G,34,6' 4"",194 lbs,Switzerland,5,1,0,12,0,0,0,0,0"
Roman Bürki,Borussia Dortmund,GER,40,"G,31,6' 2"",185 lbs,Switzerland,1,0,0,1,0,0,0,0,0"
Stefan Drljaca,Borussia Dortmund,GER,2,"G,23,6' 4"",203 lbs,Germany,0,0,0,0,0,0,0,0,0"
Mateu Morey,Borussia Dortmund,GER,3,"D,22,5' 8"",148 lbs,Spain,--,--,--,--,--,--,--,--,--,--"
Guillermo Bueno,Borussia Dortmund,GER,4,"D,19,5' 10"",--,Spain,--,--,--,--,--,--,--,--,--,--"
Soumaila Coulibaly,Borussia Dortmund,GER,5,"D,18,6' 3"",181 lbs,France,0,0,0,0,0,0,0,0,0,0"
Dan-Axel Zagadou,Borussia Dortmund,GER,13,"D,22,6' 5"",196 lbs,France,15,5,0,0,4,1,12,4,2,0"
Raphaël Guerreiro,Borussia Dortmund,GER,14,"D,28,5' 7"",157 lbs,Portugal,23,2,4,2,32,6,12,8,1,0"
Nico Schulz,Borussia Dortmund,GER,15,"D,29,5' 11"",183 lbs,Germany,16,7,0,2,3,2,12,5,2,0"
Mats Hummels,Borussia Dortmund,GER,16,"D,33,6' 3"",205 lbs,Germany,23,3,1,2,12,3,15,12,4,0"
Manuel Akanji,Borussia Dortmund,GER,24,"D,26,6' 2"",201 lbs,Switzerland,26,1,1,0,14,3,19,24,3,0"
Thomas Meunier,Borussia Dortmund,GER,29,"D,30,6' 3"",196 lbs,Belgium,17,0,2,4,19,5,26,7,4,0"
Marcel Schmelzer,Borussia Dortmund,GER,33,"D,34,5' 11"",161 lbs,Germany,--,--,--,--,--,--,--,--,--,--"
Nuno Mendes,Paris Saint-Germain ,FRA,31,"D,19,5' 9"",152 lbs,Portugal,27,9,0,1,6,1,19,24,3,0"
El Chadaille Bitshiabu,Paris Saint-Germain ,FRA,6,"D,17,6' 5"",--,France,1,1,0,0,0,0,0,0,0,0"
Marco Verratti,Paris Saint-Germain ,FRA,8,"M,29,5' 5"",130 lbs,Italy,24,1,2,2,8,3,30,48,12,0"
Leandro Paredes,Paris Saint-Germain ,FRA,11,"M,27,5' 11"",163 lbs,Argentina,15,5,1,2,6,2,9,8,3,0"
Ángel Di María,Paris Saint-Germain ,FRA,15,"M,34,5' 11"",163 lbs,Argentina,26,7,5,7,51,22,8,14,2,0"
Danilo Pereira,Paris Saint-Germain ,FRA,18,"M,30,6' 2"",183 lbs,Portugal,27,5,5,0,19,8,20,23,3,0"
Georginio Wijnaldum,Paris Saint-Germain ,FRA,21,"M,31,5' 9"",150 lbs,Netherlands,31,13,1,3,21,2,5,15,2,0"
Ander Herrera,Paris Saint-Germain ,FRA,23,"M,32,6' 0"",157 lbs,Spain,19,7,3,2,14,3,13,5,2,0"
Julian Draxler,Paris Saint-Germain ,FRA,27,"M,28,6' 1"",159 lbs,Germany,18,13,2,2,9,3,4,1,0,0"
Idrissa Gueye,Paris Saint-Germain ,FRA,28,"M,32,5' 9"",146 lbs,Senegal,26,8,3,1,23,7,38,16,4,0"
Éric Ebimbe,Paris Saint-Germain ,FRA,34,"M,21,6' 0"",--,France,10,6,0,0,4,1,10,4,2,0"
Xavi Simons,Paris Saint-Germain ,FRA,35,"M,19,5' 6"",128 lbs,Netherlands,6,5,0,0,2,0,2,4,1,0"
Valerio Boffelli,Napoli,ITA,1,"G,17,--,--,Italy,--,--,--,--,--,--,--,--,--"
Leon Goretzka,Bayern Munich,GER,8,"M,27,6' 2"",181 lbs,Germany,19,0,3,3,43,11,15,10,0,0"
Paul Wanner,Bayern Munich,GER,14,"M,16,--,--,Germany,4,4,0,0,0,0,1,1,0,0"
Arijon Ibrahimovic,Bayern Munich,GER,15,"M,16,--,--,Germany,0,0,0,0,0,0,0,0,0,0"
Marcel Sabitzer,Bayern Munich,GER,18,"M,28,5' 10"",168 lbs,Austria,27,19,1,1,20,5,17,15,1,0"
Marc Roca,Bayern Munich,GER,22,"M,25,6' 0"",170 lbs,Spain,9,5,0,0,5,0,10,4,0,0"
Corentin Tolisso,Bayern Munich,GER,24,"M,27,5' 11"",179 lbs,France,15,7,2,1,17,3,13,6,0,0"
Taylor Booth,Bayern Munich,GER,37,"M,21,5' 8"",146 lbs,United States,--,--,--,--,--,--,--,--,--,--"
Gabriel Vidovic,Bayern Munich,GER,38,"M,18,--,--,Croatia,3,3,0,0,0,0,0,0,0,0"
Jamal Musiala,Bayern Munich,GER,42,"M,19,5' 11"",150 lbs,Germany,30,18,5,5,40,15,17,20,2,0"
Timo Kern,Bayern Munich,GER,46,"M,32,5' 10"",161 lbs,Germany,0,0,0,0,0,0,0,0,0,0"
Jamie Lawrence,Bayern Munich,GER,49,"M,19,6' 7"",183 lbs,Germany,0,0,0,0,0,0,0,0,0,0"
Robert Lewandowski,Bayern Munich,GER,9,"F,33,6' 1"",179 lbs,Poland,34,0,35,3,155,75,19,37,2,0"
Leroy Sané,Bayern Munich,GER,10,"F,26,6' 0"",174 lbs,Germany,32,10,7,7,87,30,24,24,3,0"
Kingsley Coman,Bayern Munich,GER,11,"F,25,5' 11"",168 lbs,France,21,5,6,3,45,20,9,22,1,1"
Eric Maxim Choupo-Moting,Bayern Munich,GER,13,"F,33,6' 3"",196 lbs,Cameroon,20,19,4,2,15,8,7,7,0,0"
Koni De Winter,Juventus,ITA,45,"D,19,--,--,Belgium,0,0,0,0,0,0,0,0,0,0"
Diego Stramaccioni,Juventus,ITA,54,"D,21,--,--,Italy,0,0,0,0,0,0,0,0,0,0"
Arthur,Juventus,ITA,5,"M,25,5' 7"",161 lbs,Brazil,20,9,0,0,2,0,19,32,3,0"
Weston McKennie,Juventus,ITA,14,"M,23,6' 1"",183 lbs,United States,21,6,3,0,23,5,17,4,1,0"
Adrien Rabiot,Juventus,ITA,25,"M,27,6' 2"",157 lbs,France,32,4,0,2,26,7,42,28,5,0"
Manuel Locatelli,Juventus,ITA,27,"M,24,6' 1"",163 lbs,Italy,31,8,3,4,20,3,39,25,6,0"
Denis Zakaria,Juventus,ITA,28,"M,25,6' 3"",179 lbs,Switzerland,9,3,1,1,9,3,11,4,1,0"
Hans Nicolussi Caviglia,Juventus,ITA,41,"M,21,5' 11"",--,Italy,--,--,--,--,--,--,--,--,--,--"
Matìas Soulè Malvano,Juventus,ITA,46,"M,19,--,--,Argentina,2,2,0,0,2,0,0,0,0,0"
Fabio Miretti,Juventus,ITA,47,"M,18,--,--,Italy,6,2,0,0,2,0,4,4,0,0"
Emanuele Zuelli,Juventus,ITA,55,"M,20,5' 10"",--,Italy,0,0,0,0,0,0,0,0,0,0"
Martin Palumbo,Juventus,ITA,56,"M,20,--,--,Norway,1,1,0,0,0,0,0,0,0,0"
Dusan Vlahovic,Juventus,ITA,7,"F,22,6' 3"",163 lbs,Serbia,36,3,24,3,116,51,18,69,4,0"
Álvaro Morata,Juventus,ITA,9,"F,29,6' 3"",183 lbs,Spain,35,9,9,7,59,23,43,77,5,0"
Paulo Dybala,Juventus,ITA,10,"F,28,5' 10"",163 lbs,Argentina,29,3,10,6,93,31,13,48,3,0"
Serge Gnabry,Bayern Munich,GER,7,"M,26,5' 9"",170 lbs,Germany,34,9,14,6,66,26,11,21,0,0"
Leon Goretzka,Bayern Munich,GER,8,"M,27,6' 2"",181 lbs,Germany,19,0,3,3,43,11,15,10,0,0"
Paul Wanner,Bayern Munich,GER,14,"M,16,--,--,Germany,4,4,0,0,0,0,1,1,0,0"
Arijon Ibrahimovic,Bayern Munich,GER,15,"M,16,--,--,Germany,0,0,0,0,0,0,0,0,0,0"
Marcel Sabitzer,Bayern Munich,GER,18,"M,28,5' 10"",168 lbs,Austria,27,19,1,1,20,5,17,15,1,0"
Marc Roca,Bayern Munich,GER,22,"M,25,6' 0"",170 lbs,Spain,9,5,0,0,5,0,10,4,0,0"
Corentin Tolisso,Bayern Munich,GER,24,"M,27,5' 11"",179 lbs,France,15,7,2,1,17,3,13,6,0,0"
Taylor Booth,Bayern Munich,GER,37,"M,21,5' 8"",146 lbs,United States,--,--,--,--,--,--,--,--,--,--"
Gabriel Vidovic,Bayern Munich,GER,38,"M,18,--,--,Croatia,3,3,0,0,0,0,0,0,0,0"
Jamal Musiala,Bayern Munich,GER,42,"M,19,5' 11"",150 lbs,Germany,30,18,5,5,40,15,17,20,2,0"
Timo Kern,Bayern Munich,GER,46,"M,32,5' 10"",161 lbs,Germany,0,0,0,0,0,0,0,0,0,0"
Jamie Lawrence,Bayern Munich,GER,49,"M,19,6' 7"",183 lbs,Germany,0,0,0,0,0,0,0,0,0,0"
Robert Lewandowski,Bayern Munich,GER,9,"F,33,6' 1"",179 lbs,Poland,34,0,35,3,155,75,19,37,2,0"
Leroy Sané,Bayern Munich,GER,10,"F,26,6' 0"",174 lbs,Germany,32,10,7,7,87,30,24,24,3,0"
Kingsley Coman,Bayern Munich,GER,11,"F,25,5' 11"",168 lbs,France,21,5,6,3,45,20,9,22,1,1"
Eric Maxim Choupo-Moting,Bayern Munich,GER,13,"F,33,6' 3"",196 lbs,Cameroon,20,19,4,2,15,8,7,7,0,0"
Alphonso Davies,Bayern Munich,GER,19,"F,21,6' 0"",163 lbs,Canada,22,2,0,3,17,6,14,27,3,0"
Thomas Müller,Bayern Munich,GER,25,"F,32,6' 1"",168 lbs,Germany,32,0,8,18,49,20,11,22,0,0"
Lucas Copado,Bayern Munich,GER,34,"F,18,--,--,Germany,1,1,0,0,1,0,0,0,0,0"
Malik Tillman,Bayern Munich,GER,40,"F,20,6' 2"",157 lbs,United States,4,3,0,0,1,1,4,1,0,0"
Alessandro Bastoni,Internazionale,ITA,5,"D,23,6' 3"",163 lbs,Italy,31,2,1,3,8,2,28,28,4,1"
Mattia Sangalli,Internazionale,ITA,8,"M,20,--,--,Italy,0,0,0,0,0,0,0,0,0,0"
Roberto Gagliardini,Internazionale,ITA,14,"M,28,6' 3"",170 lbs,Italy,18,12,2,2,8,4,22,16,2,0"
Matías Vecino,Internazionale,ITA,19,"M,30,6' 2"",179 lbs,Uruguay,17,15,1,0,7,2,9,3,2,0"
Ivan Perisic,Internazionale,ITA,20,"M,33,6' 1"",174 lbs,Croatia,35,0,8,7,41,16,27,6,4,0"
Joaquín Correa,Internazionale,ITA,22,"M,27,6' 2"",163 lbs,Argentina,26,14,6,1,35,16,14,16,2,0"
Hakan Calhanoglu,Internazionale,ITA,23,"M,28,5' 10"",168 lbs,Turkey,34,1,7,12,61,15,36,26,11,0"
Arturo Vidal,Internazionale,ITA,42,"M,35,5' 11"",163 lbs,Chile,28,26,1,3,16,8,14,10,3,0"
Nicolò Barella,Internazionale,ITA,77,"M,25,5' 9"",150 lbs,Italy,36,0,3,12,65,12,30,52,9,0"
Cesare Casadei,Internazionale,ITA,7,"M,19,--,--,Italy,0,0,0,0,0,0,0,0,0,0"
Marcelo Brozovic,Internazionale,ITA,9,"M,29,5' 11"",150 lbs,Croatia,35,0,2,1,29,13,43,32,7,0"
Alexis Sánchez,Internazionale,ITA,10,"F,33,5' 7"",137 lbs,Chile,27,20,5,2,32,11,7,21,0,0"
Edin Dzeko,Internazionale,ITA,41,"F,36,6' 4"",174 lbs,Bosnia and Herzegovina,36,9,13,5,87,37,25,39,2,0"
Lautaro Martínez,Internazionale,ITA,47,"F,24,5' 9"",159 lbs,Argentina,35,7,21,3,113,49,39,46,6,0"
Dennis Curatolo,Internazionale,ITA,88,"F,18,--,--,Italy,0,0,0,0,0,0,0,0,0,0"
Matteo Gabbia,AC Milan,ITA,46,"D,22,6' 1"",172 lbs,Italy,8,2,0,0,1,0,7,2,3,0"
Luca Stanga,AC Milan,ITA,91,"D,20,--,--,Italy,1,1,0,0,0,0,1,0,0,0"
Ismaël Bennacer,AC Milan,ITA,4,"M,24,5' 9"",152 lbs,Algeria,31,16,2,1,15,5,24,44,7,0"
Samu Castillejo,AC Milan,ITA,7,"M,27,6' 0"",148 lbs,Spain,5,4,0,0,2,0,1,2,0,0"
Sandro Tonali,AC Milan,ITA,8,"M,22,5' 11"",172 lbs,Italy,36,5,5,2,34,11,44,49,9,0"
Brahim Díaz,AC Milan,ITA,10,"M,22,5' 7"",128 lbs,Spain,31,6,3,3,29,6,21,33,4,0"
Rade Krunic,AC Milan,ITA,33,"M,28,6' 0"",161 lbs,Bosnia and Herzegovina,28,13,0,2,10,2,20,29,2,0"
Tiemoué Bakayoko,AC Milan,ITA,41,"M,27,6' 1"",170 lbs,France,14,9,0,0,4,0,10,10,3,0"
Alexis Saelemaekers,AC Milan,ITA,56,"M,22,5' 11"",159 lbs,Belgium,36,14,1,3,39,13,29,37,2,0"
Enrico Di Gesù,AC Milan,ITA,62,"M,20,5' 10"",--,Italy,0,0,0,0,0,0,0,0,0,0"
Franck Kessié,AC Milan,ITA,79,"M,25,6' 0"",161 lbs,Ivory Coast,31,6,6,0,32,10,33,31,2,0"
Olivier Giroud,AC Milan,ITA,9,"F,35,6' 4"",203 lbs,France,29,7,11,3,61,23,31,22,4,0"
Zlatan Ibrahimovic,AC Milan,ITA,11,"F,40,6' 5"",207 lbs,Sweden,23,12,8,3,49,15,15,9,2,0"
Ante Rebic,AC Milan,ITA,12,"F,28,6' 1"",172 lbs,Croatia,24,18,2,2,30,6,17,9,2,0"
Rafael Leão,AC Milan,ITA,17,"F,22,6' 2"",179 lbs,Portugal,34,3,11,8,95,37,22,46,4,0"
Marko Lazetic,AC Milan,ITA,22,"F,18,--,--,Serbia,0,0,0,0,0,0,0,0,0,0"
Daniel Maldini,AC Milan,ITA,27,"F,20,5' 11"",--,Italy,8,6,1,0,3,1,3,1,1,0"
Junior Messias,AC Milan,ITA,30,"F,31,5' 9"",150 lbs,Brazil,26,12,5,2,40,15,20,24,2,0"
Youns Gabriele El Hilali,AC Milan,ITA,63,"F,18,--,--,Italy,--,--,--,--,--,--,--,--,--,--"
Emil Roback,AC Milan,ITA,93,"F,19,6' 1"",--,Sweden,--,--,--,--,--,--,--,--,--,--"
Alan Aussi,Borussia Dortmund,GER,34,"D,20,--,--,Ukraine,--,--,--,--,--,--,--,--,--,--"
Marin Pongracic,Borussia Dortmund,GER,36,"D,24,6' 3"",207 lbs,Croatia,17,8,0,0,0,0,12,0,3,0"
Tom Rothe,Borussia Dortmund,GER,37,"D,17,--,--,Germany,2,1,1,0,2,1,2,1,1,0"
Lion Semic,Borussia Dortmund,GER,45,"D,18,--,--,Germany,1,1,0,0,0,0,0,0,0,0"
Lennard Maloney,Borussia Dortmund,GER,53,"D,22,6' 2"",194 lbs,United States,2,2,0,0,0,0,0,0,0,0"
Kolbeinn Finnsson,Borussia Dortmund,GER,7,"D,22,5' 11"",170 lbs,Iceland,--,--,--,--,--,--,--,--,--,--"
Marco Pasalic,Borussia Dortmund,GER,8,"M,21,5' 10"",161 lbs,Croatia,--,--,--,--,--,--,--,--,--,--"
Giovanni Reyna,Borussia Dortmund,GER,10,"M,19,6' 1"",172 lbs,United States,10,4,2,1,11,5,7,11,0,0"
Mahmoud Dahoud,Borussia Dortmund,GER,19,"M,26,5' 10"",150 lbs,Germany,22,2,2,3,22,4,22,13,6,1"
Thorgan Hazard,Borussia Dortmund,GER,20,"M,29,5' 9"",157 lbs,Belgium,23,9,4,1,21,6,22,19,2,0"
Julian Brandt,Borussia Dortmund,GER,22,"M,26,6' 1"",183 lbs,Germany,31,9,9,8,34,15,12,16,3,0"
Reiner,Borussia Dortmund,GER,23,"M,20,6' 1"",181 lbs,Brazil,13,12,0,0,1,0,2,2,0,0"
Jude Bellingham,Borussia Dortmund,GER,28,"M,18,6' 1"",163 lbs,England,32,0,3,8,44,12,39,91,9,0"
Emre Can,Borussia Dortmund,GER,30,"M,28,6' 1"",190 lbs,Germany,24,5,5,1,10,6,31,22,5,0"
Axel Witsel,Borussia Dortmund,GER,32,"M,33,6' 1"",179 lbs,Belgium,29,7,2,0,8,2,25,30,4,0"
Felix Passlack,Borussia Dortmund,GER,39,"M,24,5' 7"",161 lbs,Germany,10,5,1,0,4,2,5,8,0,0"
Abdoulaye Kamara,Borussia Dortmund,GER,42,"M,17,6' 0"",170 lbs,Guinea,--,--,--,--,--,--,--,--,--,--"
Marius Wolf,Borussia Dortmund,GER,43,"M,27,6' 2"",179 lbs,Germany,27,12,3,1,19,9,17,17,4,0"
Goktan Gurpuz,Borussia Dortmund,GER,44,"M,19,5' 9"",130 lbs,Germany,0,0,0,0,0,0,0,0,0,0"
Jamie Bynoe-Gittens,Borussia Dortmund,GER,47,"M,17,--,--,England,4,3,0,0,1,1,2,6,0,0"
Immanuel Pherai,Borussia Dortmund,GER,56,"M,21,5' 9"",161 lbs,Netherlands,1,1,0,0,0,0,0,0,0,0"
Ismaël Gharbi,Paris Saint-Germain ,FRA,38,"M,18,--,--,France,1,1,0,0,0,0,0,0,0,0"
Edouard Michut,Paris Saint-Germain ,FRA,39,"M,19,--,--,France,5,5,0,1,0,0,2,4,0,1"
Nathan Bitumazala,Paris Saint-Germain ,FRA,7,"M,19,--,--,France,1,1,0,0,0,0,0,0,0,0"
Sekou Oumar Yansane,Paris Saint-Germain ,FRA,9,"F,19,--,--,Guinea,1,1,0,0,0,0,1,0,0,0"
Djeidi Gassama,Paris Saint-Germain ,FRA,10,"F,18,--,--,France,1,1,0,0,0,0,0,0,0,0"
Kylian Mbappé,Paris Saint-Germain ,FRA,30,"F,23,5' 10"",161 lbs,France,35,1,28,17,147,63,26,53,10,0"
Alex Meret,Napoli,ITA,12,"G,25,6' 3"",181 lbs,Italy,7,0,0,6,0,0,5,0,0"
Davide Marfella,Napoli,ITA,25,"G,22,--,--,Italy,1,1,0,0,0,0,0,0,0"
David Ospina,Napoli,ITA,46,"G,33,6' 0"",174 lbs,Colombia,31,0,0,24,0,0,10,1,0"
Hubert Dawid Idasiak,Napoli,ITA,2,"G,20,--,--,Poland,0,0,0,0,0,0,0,0,0"
Balla Moussa Manè,Napoli,ITA,3,"D,18,--,--,Italy,0,0,0,0,0,0,0,0,0,0"
Kévin Malcuit,Napoli,ITA,5,"D,30,5' 10"",170 lbs,France,8,6,0,1,1,0,8,5,3,0"
Axel Tuanzebe,Napoli,ITA,6,"D,24,6' 1"",163 lbs,England,1,1,0,0,0,0,0,0,0,0"
Juan Jesus,Napoli,ITA,13,"D,30,6' 1"",183 lbs,Brazil,21,7,1,0,5,2,11,2,1,0"
Mário Rui,Napoli,ITA,22,"D,31,5' 7"",148 lbs,Portugal,34,0,0,7,30,5,28,59,7,0"
Amir Rrahmani,Napoli,ITA,26,"D,28,6' 4"",192 lbs,Kosovo,33,0,4,0,22,9,22,23,5,0"
Giovanni Di Lorenzo,Napoli,ITA,31,"D,28,6' 0"",183 lbs,Italy,33,0,1,5,19,4,36,46,3,0"
Kalidou Koulibaly,Napoli,ITA,59,"D,30,6' 5"",194 lbs,Senegal,27,0,3,3,11,7,26,12,5,1"
Faouzi Ghoulam,Napoli,ITA,70,"D,31,6' 1"",174 lbs,Algeria,14,11,0,0,3,0,3,2,1,0"
Alessandro Zanoli,Napoli,ITA,74,"D,21,--,--,Italy,12,7,0,0,0,0,9,2,2,0"
Jonathan Spedalieri,Napoli,ITA,80,"D,20,--,--,Italy,0,0,0,0,0,0,0,0,0,0"
Davide Costanzo,Napoli,ITA,4,"D,19,--,--,Italy,0,0,0,0,0,0,0,0,0,0"
Benedetto Barba,Napoli,ITA,7,"D,19,--,--,Italy,0,0,0,0,0,0,0,0,0,0"
Diego Demme,Napoli,ITA,8,"M,30,5' 8"",157 lbs,Germany,19,12,1,0,1,1,27,8,4,0"
Eljif Elmas,Napoli,ITA,14,"M,22,6' 0"",150 lbs,North Macedonia,37,25,3,5,32,10,27,30,3,0"
Fabián Ruiz,Napoli,ITA,20,"M,26,6' 2"",152 lbs,Spain,32,3,7,4,37,13,17,18,2,0"
Dries Mertens,Napoli,ITA,33,"M,35,5' 7"",132 lbs,Belgium,30,14,11,1,46,20,24,21,2,0"
Piotr Zielinski,Napoli,ITA,68,"M,28,5' 11"",163 lbs,Poland,35,9,6,5,43,15,16,28,1,0"
Adam Ounas,Napoli,ITA,82,"M,25,5' 8"",141 lbs,Algeria,15,14,0,0,13,2,9,10,1,0"
Stanislav Lobotka,Napoli,ITA,99,"M,27,5' 7"",150 lbs,Slovakia,23,4,1,0,2,1,15,35,2,0"
Antonio Vergara,Napoli,ITA,9,"M,19,6' 2"",--,Italy,0,0,0,0,0,0,0,0,0,0"
André-Frank Zambo Anguissa,Napoli,ITA,11,"M,26,6' 0"",172 lbs,Cameroon,25,4,0,2,20,3,36,28,5,0"
Giuseppe Ambrosino,Napoli,ITA,21,"F,18,--,--,Italy,0,0,0,0,0,0,0,0,0,0"
Alphonso Davies,Bayern Munich,GER,19,"F,21,6' 0"",163 lbs,Canada,22,2,0,3,17,6,14,27,3,0"
Thomas Müller,Bayern Munich,GER,25,"F,32,6' 1"",168 lbs,Germany,32,0,8,18,49,20,11,22,0,0"
Lucas Copado,Bayern Munich,GER,34,"F,18,--,--,Germany,1,1,0,0,1,0,0,0,0,0"
Malik Tillman,Bayern Munich,GER,40,"F,20,6' 2"",157 lbs,United States,4,3,0,0,1,1,4,1,0,0"
Moise Kean,Juventus,ITA,18,"F,22,6' 0"",148 lbs,Italy,32,20,5,1,28,10,17,16,5,0"
Federico Bernardeschi,Juventus,ITA,20,"F,28,6' 1"",170 lbs,Italy,28,12,1,2,33,5,14,27,5,0"
Kaio Jorge,Juventus,ITA,21,"F,20,5' 9"",139 lbs,Brazil,9,9,0,0,5,1,3,5,0,0"
Federico Chiesa,Juventus,ITA,22,"F,24,5' 9"",152 lbs,Italy,14,3,2,2,26,8,9,17,0,0"
Cosimo Marco Da Graca,Juventus,ITA,34,"F,20,--,--,Italy,--,--,--,--,--,--,--,--,--,--"
Marley Aké,Juventus,ITA,38,"F,21,--,--,France,4,4,0,0,0,0,6,2,1,0"
Samuel Iling-Junior,Juventus,ITA,57,"F,18,--,--,England,0,0,0,0,0,0,0,0,0,0"
Antonios Papadopoulos,Borussia Dortmund,GER,9,"M,22,6' 1"",183 lbs,Germany,2,2,0,0,0,0,1,0,1,0"
Marco Hober,Borussia Dortmund,GER,11,"M,26,5' 8"",152 lbs,Germany,--,--,--,--,--,--,--,--,--,--"
Erling Haaland,Borussia Dortmund,GER,18,"F,21,6' 4"",192 lbs,Norway,24,3,22,8,79,36,15,14,3,0"
Marco Reus,Borussia Dortmund,GER,21,"F,33,5' 11"",157 lbs,Germany,29,0,9,14,50,19,21,45,2,0"
Youssoufa Moukoko,Borussia Dortmund,GER,27,"F,17,5' 10"",163 lbs,Germany,16,15,2,0,8,3,5,5,1,0"
Donyell Malen,Borussia Dortmund,GER,48,"F,23,5' 9"",150 lbs,Netherlands,27,7,5,3,45,20,9,31,2,0"
Steffen Tigges,Borussia Dortmund,GER,49,"F,23,6' 4"",196 lbs,Germany,9,9,3,0,4,3,1,1,0,0"
Bradley Fink,Borussia Dortmund,GER,49,"F,19,6' 3"",183 lbs,Switzerland,--,--,--,--,--,--,--,--,--,--"
Victor Osimhen,Napoli,ITA,24,"F,23,6' 1"",172 lbs,Nigeria,27,4,14,2,89,29,34,38,5,1"
Hirving Lozano,Napoli,ITA,37,"F,26,5' 9"",152 lbs,Mexico,30,10,5,5,49,18,25,33,3,0"
Matteo Politano,Napoli,ITA,73,"F,28,5' 7"",148 lbs,Italy,33,13,3,5,39,8,12,28,3,0"
